,year,total_visitors,Growth Rate (%),recovery_index
0,2015,5148819.0,,62.87883571023036
1,2016,5776582.0,12.19,70.54525524099292
2,2017,6480297.0,12.18,79.13922210442796
3,2018,7096594.0,9.51,86.66561559616032
4,2019,8188477.0,15.39,100.0
5,2020,1398455.0,-82.92,17.078328485260446
6,2021,146098.0,-89.55,1.784190149157163
7,2022,2025413.0,1286.34,24.734917128056903
8,2023,4991947.0,146.47,60.96307042200888
9,2024,5438967.0,8.95,66.42220525257628
10,2025,4848173.0,-10.86,59.20726161897994
